0;0.03;200.03
0.1;0.04;200.04
0.2;0.05;200.05
0.3;0.08;200.08
0.4;0.12;200.12
0.5;0.18;200.18
0.6;0.26;200.26
0.7;0.36;200.36
0.8;0.48;200.48
0.9;0.64;200.63
1;0.82;200.79
1.1;1.03;200.98
1.2;1.26;201.19
1.3;1.53;201.43
1.4;1.82;201.68
1.5;2.14;201.96
1.6;2.48;202.26
1.7;2.86;202.58
1.8;3.26;202.93
1.9;3.69;203.29
2;4.15;203.68
2.1;4.64;204.09
2.2;5.15;204.53
2.3;5.69;204.98
2.4;6.26;205.46
2.5;6.86;205.96
2.6;7.48;206.48
2.7;8.14;207.03
2.8;8.82;207.59
2.9;9.53;208.18
3;10.26;208.79
3.1;11.03;209.43
3.2;11.82;210.08
3.3;12.64;210.76
3.4;13.48;211.46
3.5;14.36;212.18
3.6;15.26;212.93
3.7;16.19;213.69
3.8;17.15;214.48
3.9;18.14;215.29
4;19.15;216.13
4.1;20.19;216.98
4.2;21.26;217.86
4.3;22.36;218.76
4.4;23.48;219.68
4.5;24.62;220.63
4.6;25.78;221.59
4.7;26.96;222.58
4.8;28.17;223.58
4.9;29.39;224.61
5;30.62;225.64
5.1;31.87;226.70
5.2;33.14;227.76
5.3;34.41;228.84
5.4;35.71;229.94
5.5;37.01;231.04
5.6;38.32;232.16
5.7;39.64;233.29
5.8;40.98;234.42
5.9;42.31;235.56
6;43.66;236.71
6.1;45.02;237.87
6.2;46.38;239.03
6.3;47.74;240.20
6.4;49.12;241.38
6.5;50.49;242.56
6.6;51.88;243.74
6.7;53.27;244.94
6.8;54.66;246.13
6.9;56.06;247.33
7;57.45;248.53
7.1;58.84;249.73
7.2;60.24;250.92
7.3;61.63;252.12
7.4;63.03;253.32
7.5;64.42;254.51
7.6;65.82;255.71
7.7;67.21;256.91
7.8;68.61;258.11
7.9;70.00;259.30
8;71.39;260.50
8.1;72.79;261.70
8.2;74.18;262.89
8.3;75.58;264.09
8.4;76.97;265.29
8.5;78.37;266.49
8.6;79.76;267.68
8.7;81.16;268.88
8.8;82.55;270.08
8.9;83.94;271.28
9;85.34;272.47
9.1;86.73;273.67
9.2;88.13;274.87
9.3;89.52;276.06
9.4;90.92;277.26
9.5;92.31;278.46
9.6;93.71;279.66
9.7;95.10;280.85
9.8;96.49;282.05
9.9;97.89;283.25
10;99.28;284.44
10.1;100.68;285.64
10.2;102.07;286.84
10.3;103.47;288.04
10.4;104.86;289.23
10.5;106.26;290.43
10.6;107.65;291.63
10.7;109.04;292.82
10.8;110.44;294.02
10.9;111.83;295.22
11;113.23;296.42
11.1;114.62;297.61
11.2;116.02;298.81
11.3;117.41;300.01
11.4;118.81;301.21
11.5;120.20;302.40
11.6;121.59;303.60
11.7;122.99;304.80
11.8;124.38;305.99
11.9;125.78;307.19
12;127.17;308.39
12.1;128.57;309.59
12.2;129.96;310.78
12.3;131.36;311.98
12.4;132.75;313.18
12.5;134.14;314.37
12.6;135.54;315.57
12.7;136.93;316.77
12.8;138.33;317.97
12.9;139.72;319.16
13;141.12;320.36
13.1;142.51;321.56
13.2;143.91;322.76
13.3;145.30;323.95
13.4;146.69;325.15
13.5;148.09;326.35
13.6;149.48;327.54
13.7;150.88;328.74
13.8;152.28;329.94
13.9;153.68;331.15
14;155.09;332.36
14.1;156.51;333.59
14.2;157.95;334.82
14.3;159.40;336.08
14.4;160.87;337.36
14.5;162.37;338.65
14.6;163.89;339.97
14.7;165.43;341.32
14.8;167.01;342.71
14.9;168.62;344.12
15;170.27;345.57
15.1;171.94;347.05
15.2;173.66;348.56
15.3;175.40;350.11
15.4;177.18;351.69
15.5;178.99;353.30
15.6;180.83;354.95
15.7;182.71;356.63
15.8;184.62;358.34
15.9;186.57;360.09
16;188.54;361.87
16.1;190.56;363.69
16.2;192.60;365.53
16.3;194.68;367.41
16.4;196.79;369.33
16.5;198.93;371.27
16.6;201.11;373.26
16.7;203.32;375.27
16.8;205.57;377.32
16.9;207.84;379.40
17;210.16;381.51
17.1;212.50;383.66
17.2;214.88;385.84
17.3;217.29;388.05
17.4;219.73;390.30
17.5;222.21;392.58
17.6;224.72;394.89
17.7;227.27;397.24
17.8;229.84;399.62
17.9;232.46;402.04
18;235.09;404.48
18.1;237.76;406.94
18.2;240.44;409.43
18.3;243.14;411.93
18.4;245.86;414.45
18.5;248.58;416.98
18.6;251.32;419.52
18.7;254.07;422.07
18.8;256.82;424.62
18.9;259.57;427.18
19;262.33;429.74
19.1;265.10;432.31
19.2;267.87;434.89
19.3;270.65;437.47
19.4;273.43;440.06
19.5;276.22;442.65
19.6;279.02;445.24
19.7;281.82;447.85
19.8;284.62;450.46
19.9;287.43;453.06
20;290.23;455.67
20.1;293.04;458.28
20.2;295.84;460.89
20.3;298.65;463.50
20.4;301.46;466.11
20.5;304.26;468.71
20.6;307.07;471.32
20.7;309.87;473.93
20.8;312.68;476.54
20.9;315.48;479.15
21;318.29;481.76
21.1;321.09;484.36
21.2;323.90;486.97
21.3;326.71;489.58
21.4;329.51;492.19
21.5;332.32;494.80
21.6;335.12;497.41
21.7;337.93;500.01
21.8;340.73;502.62
21.9;343.54;505.23
22;346.34;507.84
22.1;349.15;510.45
22.2;351.96;513.06
22.3;354.76;515.66
22.4;357.57;518.27
22.5;360.37;520.88
22.6;363.18;523.49
22.7;365.98;526.10
22.8;368.79;528.71
22.9;371.59;531.31
23;374.40;533.92
23.1;377.21;536.53
23.2;380.01;539.14
23.3;382.82;541.75
23.4;385.62;544.36
23.5;388.43;546.96
23.6;391.23;549.57
23.7;394.04;552.18
23.8;396.84;554.79
23.9;399.65;557.40
24;402.46;560.01
24.1;405.26;562.61
24.2;408.07;565.22
24.3;410.87;567.83
24.4;413.68;570.44
24.5;416.47;573.04
24.6;419.26;575.63
24.7;422.04;578.21
24.8;424.80;580.77
24.9;427.55;583.32
25;430.28;585.86
25.1;432.99;588.37
25.2;435.69;590.87
25.3;438.37;593.36
25.4;441.04;595.82
25.5;443.68;598.27
25.6;446.31;600.71
25.7;448.93;603.12
25.8;451.53;605.52
25.9;454.11;607.91
26;456.67;610.27
26.1;459.22;612.62
26.2;461.75;614.96
26.3;464.26;617.27
26.4;466.76;619.57
26.5;469.24;621.86
26.6;471.70;624.12
26.7;474.15;626.37
26.8;476.58;628.61
26.9;478.99;630.82
27;481.39;633.02
27.1;483.77;635.21
27.2;486.14;637.37
27.3;488.48;639.52
27.4;490.81;641.66
27.5;493.13;643.78
27.6;495.44;645.89
27.7;497.73;647.99
27.8;500.03;650.08
27.9;502.31;652.17
28;504.60;654.26
28.1;506.89;656.36
28.2;509.18;658.45
28.3;511.47;660.54
28.4;513.76;662.63
28.5;516.05;664.72
28.6;518.34;666.81
28.7;520.63;668.91
28.8;522.91;671.00
28.9;525.20;673.09
29;527.49;675.18
29.1;529.78;677.27
29.2;532.07;679.36
29.3;534.36;681.46
29.4;536.65;683.55
29.5;538.94;685.64
29.6;541.23;687.73
29.7;543.51;689.82
29.8;545.80;691.91
29.9;548.09;694.01
30;550.38;696.10
30.1;552.67;698.19
30.2;554.96;700.28
30.3;557.25;702.37
30.4;559.54;704.46
30.5;561.83;706.56
30.6;564.11;708.65
30.7;566.40;710.74
30.8;568.69;712.83
30.9;570.98;714.92
31;573.27;717.01
31.1;575.56;719.11
31.2;577.85;721.20
31.3;580.14;723.29
31.4;582.43;725.38
31.5;584.71;727.47
31.6;587.00;729.56
31.7;589.29;731.66
31.8;591.58;733.75
31.9;593.87;735.84
32;596.16;737.93
32.1;598.45;740.02
32.2;600.74;742.11
32.3;603.03;744.21
32.4;605.31;746.30
32.5;607.60;748.39
32.6;609.89;750.48
32.7;612.18;752.57
32.8;614.47;754.67
32.9;616.77;756.77
33;619.08;758.88
33.1;621.39;760.99
33.2;623.72;763.13
33.3;626.07;765.28
33.4;628.44;767.45
33.5;630.83;769.64
33.6;633.24;771.85
33.7;635.68;774.09
33.8;638.15;776.35
33.9;640.66;778.63
34;643.20;780.93
34.1;645.78;783.26
34.2;648.40;785.60
34.3;651.06;787.97
34.4;653.76;790.36
34.5;656.49;792.78
34.6;659.27;795.21
34.7;662.08;797.67
34.8;664.93;800.16
34.9;667.83;802.66
35;670.76;805.20
35.1;673.73;807.76
35.2;676.74;810.35
35.3;679.80;812.96
35.4;682.89;815.59
35.5;686.03;818.24
35.6;689.21;820.91
35.7;692.42;823.61
35.8;695.67;826.33
35.9;698.96;829.07
36;702.29;831.84
36.1;705.66;834.62
36.2;709.07;837.43
36.3;712.52;840.26
36.4;716.01;843.11
36.5;719.53;845.99
36.6;723.09;848.89
36.7;726.68;851.81
36.8;730.28;854.75
36.9;733.91;857.71
37;737.54;860.68
37.1;741.19;863.65
37.2;744.83;866.63
37.3;748.47;869.60
37.4;752.11;872.58
37.5;755.75;875.55
37.6;759.39;878.53
37.7;763.04;881.50
37.8;766.68;884.48
37.9;770.32;887.45
38;773.96;890.43
38.1;777.60;893.40
38.2;781.24;896.38
38.3;784.89;899.35
38.4;788.53;902.33
38.5;792.17;905.30
38.6;795.81;908.28
38.7;799.45;911.25
38.8;803.09;914.23
38.9;806.74;917.20
39;810.38;920.18
39.1;814.02;923.15
39.2;817.66;926.13
39.3;821.30;929.10
39.4;824.94;932.08
39.5;828.59;935.05
39.6;832.23;938.03
39.7;835.87;941.00
39.8;839.51;943.98
39.9;843.15;946.95
40;846.79;949.93
40.1;850.44;952.90
40.2;854.08;955.88
40.3;857.72;958.85
40.4;861.36;961.83
40.5;865.00;964.80
40.6;868.64;967.78
40.7;872.29;970.75
40.8;875.93;973.73
40.9;879.57;976.70
41;883.21;979.68
41.1;886.85;982.65
41.2;890.49;985.63
41.3;894.14;988.60
41.4;897.78;991.58
41.5;901.42;994.55
41.6;905.06;997.53
41.7;908.70;1000.50
41.8;912.34;1003.48
41.9;915.99;1006.45
42;919.63;1009.43
42.1;923.27;1012.40
42.2;926.91;1015.38
42.3;930.55;1018.35
42.4;934.19;1021.33
42.5;937.84;1024.30
42.6;941.48;1027.28
42.7;945.12;1030.25
42.8;948.76;1033.23
42.9;952.40;1036.20
43;956.04;1039.18
43.1;959.69;1042.15
43.2;963.33;1045.13
43.3;966.97;1048.10
43.4;970.61;1051.08
43.5;974.25;1054.05
43.6;977.89;1057.03
43.7;981.54;1060.00
43.8;985.18;1062.98
43.9;988.82;1065.95
44;992.46;1068.93
44.1;996.10;1071.90
44.2;999.74;1074.88
44.3;1003.39;1077.85
44.4;1007.03;1080.83
44.5;1010.67;1083.80
44.6;1014.31;1086.78
44.7;1017.95;1089.75
44.8;1021.59;1092.73
44.9;1025.24;1095.70
45;1028.88;1098.68
45.1;1032.52;1101.65
45.2;1036.16;1104.63
45.3;1039.80;1107.60
45.4;1043.44;1110.58
45.5;1047.09;1113.55
45.6;1050.73;1116.53
45.7;1054.37;1119.50
45.8;1058.01;1122.48
45.9;1061.65;1125.45
46;1065.29;1128.43
46.1;1068.94;1131.40
46.2;1072.58;1134.38
46.3;1076.23;1137.36
46.4;1079.89;1140.35
46.5;1083.55;1143.35
46.6;1087.22;1146.35
46.7;1090.89;1149.35
46.8;1094.55;1152.35
46.9;1098.22;1155.35
47;1101.89;1158.35
47.1;1105.55;1161.35
47.2;1109.22;1164.35
47.3;1112.89;1167.35
47.4;1116.55;1170.35
47.5;1120.22;1173.35
47.6;1123.89;1176.35
47.7;1127.55;1179.35
47.8;1131.22;1182.35
47.9;1134.89;1185.35
48;1138.55;1188.35
48.1;1142.22;1191.35
48.2;1145.89;1194.35
48.3;1149.55;1197.35
48.4;1153.22;1200.35
48.5;1156.89;1203.35
48.6;1160.55;1206.35
48.7;1164.22;1209.35
48.8;1167.89;1212.35
48.9;1171.55;1215.35
49;1175.22;1218.35
49.1;1178.89;1221.35
49.2;1182.55;1224.35
49.3;1186.22;1227.35
49.4;1189.89;1230.35
49.5;1193.55;1233.35
49.6;1197.22;1236.35
49.7;1200.89;1239.35
49.8;1204.55;1242.35
49.9;1208.22;1245.35
50;1211.89;1248.35
50.1;1215.55;1251.35
50.2;1219.22;1254.35
50.3;1222.89;1257.35
50.4;1226.55;1260.35
50.5;1230.22;1263.35
50.6;1233.89;1266.35
50.7;1237.55;1269.35
50.8;1241.22;1272.35
50.9;1244.89;1275.35
51;1248.55;1278.35
51.1;1252.22;1281.35
51.2;1255.89;1284.35
51.3;1259.55;1287.35
51.4;1263.22;1290.35
51.5;1266.89;1293.35
51.6;1270.55;1296.35
51.7;1274.22;1299.35
51.8;1277.89;1302.35
51.9;1281.55;1305.35
52;1285.22;1308.35
52.1;1288.89;1311.35
52.2;1292.55;1314.35
52.3;1296.22;1317.35
52.4;1299.89;1320.35
52.5;1303.55;1323.35
52.6;1307.22;1326.35
52.7;1310.89;1329.35
52.8;1314.55;1332.35
52.9;1318.22;1335.35
53;1321.89;1338.35
53.1;1325.55;1341.35
53.2;1329.22;1344.35
53.3;1332.89;1347.35
53.4;1336.55;1350.35
53.5;1340.22;1353.35
53.6;1343.89;1356.35
53.7;1347.55;1359.35
53.8;1351.22;1362.35
53.9;1354.89;1365.35
54;1358.55;1368.35
54.1;1362.22;1371.35
54.2;1365.89;1374.35
54.3;1369.55;1377.35
54.4;1373.22;1380.35
54.5;1376.89;1383.35
54.6;1380.55;1386.35
54.7;1384.22;1389.35
54.8;1387.89;1392.35
54.9;1391.55;1395.35
55;1395.22;1398.35
55.1;1398.89;1401.35
55.2;1402.55;1404.35
55.3;1406.22;1407.35
55.4;1409.89;1410.35
55.5;1413.55;1413.35
55.6;1417.22;1416.35
55.7;1420.89;1419.35
55.8;1424.55;1422.35
55.9;1428.22;1425.35
56;1431.89;1428.35
56.1;1435.55;1431.35
56.2;1439.22;1434.35
56.3;1442.89;1437.35
56.4;1446.56;1440.35
56.5;1450.23;1443.36
56.6;1453.91;1446.38
56.7;1457.61;1449.41
56.8;1461.32;1452.45
56.9;1465.04;1455.50
57;1468.76;1458.56
57.1;1472.50;1461.63
57.2;1476.23;1464.70
57.3;1479.97;1467.77
57.4;1483.71;1470.84
57.5;1487.44;1473.91
57.6;1491.17;1476.97
57.7;1494.89;1480.02
57.8;1498.61;1483.07
57.9;1502.32;1486.12
58;1506.03;1489.16
58.1;1509.73;1492.19
58.2;1513.42;1495.22
58.3;1517.11;1498.24
58.4;1520.79;1501.26
58.5;1524.47;1504.27
58.6;1528.14;1507.27
58.7;1531.81;1510.27
58.8;1535.47;1513.27
58.9;1539.13;1516.26
59;1542.78;1519.24
59.1;1546.44;1522.23
59.2;1550.09;1525.22
59.3;1553.75;1528.21
59.4;1557.40;1531.20
59.5;1561.06;1534.19
59.6;1564.71;1537.18
59.7;1568.37;1540.17
59.8;1572.03;1543.16
59.9;1575.68;1546.14
60;1579.34;1549.13
60.1;1582.99;1552.12
60.2;1586.65;1555.11
60.3;1590.30;1558.10
60.4;1593.96;1561.09
60.5;1597.61;1564.08
60.6;1601.27;1567.07
60.7;1604.93;1570.06
60.8;1608.58;1573.04
60.9;1612.24;1576.03
61;1615.89;1579.02
61.1;1619.55;1582.01
61.2;1623.20;1585.00
61.3;1626.86;1587.99
61.4;1630.51;1590.98
61.5;1634.17;1593.97
61.6;1637.83;1596.96
61.7;1641.48;1599.94
61.8;1645.14;1602.93
61.9;1648.79;1605.92
62;1652.45;1608.91
62.1;1656.10;1611.90
62.2;1659.76;1614.89
62.3;1663.41;1617.88
62.4;1667.07;1620.87
62.5;1670.73;1623.86
62.6;1674.38;1626.84
62.7;1678.04;1629.83
62.8;1681.69;1632.82
62.9;1685.35;1635.81
63;1689.00;1638.80
63.1;1692.66;1641.79
63.2;1696.31;1644.78
63.3;1699.97;1647.77
63.4;1703.63;1650.76
63.5;1707.28;1653.74
63.6;1710.94;1656.73
63.7;1714.59;1659.72
63.8;1718.25;1662.71
63.9;1721.90;1665.70
64;1725.56;1668.69
64.1;1729.21;1671.68
64.2;1732.87;1674.67
64.3;1736.53;1677.66
64.4;1740.18;1680.64
64.5;1743.84;1683.63
64.6;1747.49;1686.62
64.7;1751.15;1689.61
64.8;1754.80;1692.60
64.9;1758.46;1695.59
65;1762.11;1698.58
65.1;1765.77;1701.57
65.2;1769.43;1704.56
65.3;1773.08;1707.54
65.4;1776.74;1710.53
65.5;1780.39;1713.52
65.6;1784.05;1716.51
65.7;1787.70;1719.50
65.8;1791.36;1722.49
65.9;1795.01;1725.48
66;1798.67;1728.47
66.1;1802.33;1731.46
66.2;1805.98;1734.44
66.3;1809.64;1737.43
66.4;1813.29;1740.42
66.5;1816.95;1743.41
66.6;1820.60;1746.40
66.7;1824.26;1749.39
66.8;1827.91;1752.38
66.9;1831.57;1755.37
67;1835.23;1758.36
67.1;1838.88;1761.34
67.2;1842.54;1764.33
67.3;1846.19;1767.32
67.4;1849.85;1770.31
67.5;1853.50;1773.30
67.6;1857.16;1776.29
67.7;1860.81;1779.28
67.8;1864.47;1782.27
67.9;1868.13;1785.26
68;1871.78;1788.24
68.1;1875.44;1791.23
68.2;1879.09;1794.22
68.3;1882.75;1797.21
68.4;1886.40;1800.20
68.5;1890.06;1803.19
68.6;1893.71;1806.18
68.7;1897.37;1809.17
68.8;1901.03;1812.16
68.9;1904.68;1815.14
69;1908.34;1818.13
69.1;1911.99;1821.12
69.2;1915.65;1824.11
69.3;1919.30;1827.10
69.4;1922.96;1830.09
69.5;1926.61;1833.08
69.6;1930.27;1836.07
69.7;1933.93;1839.06
69.8;1937.58;1842.04
69.9;1941.24;1845.03
70;1944.89;1848.02
70.1;1948.55;1851.01
70.2;1952.20;1854.00
70.3;1955.86;1856.99
70.4;1959.51;1859.98
70.5;1963.17;1862.97
70.6;1966.83;1865.96
70.7;1970.48;1868.94
70.8;1974.14;1871.93
70.9;1977.79;1874.92
71;1981.45;1877.91
71.1;1985.10;1880.90
71.2;1988.76;1883.89
71.3;1992.41;1886.88
71.4;1996.07;1889.87
71.5;1999.73;1892.86
71.6;2003.38;1895.84
71.7;2007.04;1898.83
71.8;2010.69;1901.82
71.9;2014.35;1904.81
72;2018.00;1907.80
72.1;2021.66;1910.79
72.2;2025.31;1913.78
72.3;2028.97;1916.77
72.4;2032.63;1919.76
72.5;2036.28;1922.74
72.6;2039.94;1925.73
72.7;2043.59;1928.72
72.8;2047.25;1931.71
72.9;2050.90;1934.70
73;2054.56;1937.69
73.1;2058.21;1940.68
73.2;2061.87;1943.67
73.3;2065.53;1946.66
73.4;2069.18;1949.64
73.5;2072.84;1952.63
73.6;2076.49;1955.62
73.7;2080.15;1958.61
73.8;2083.80;1961.60
73.9;2087.46;1964.59
74;2091.11;1967.58
74.1;2094.77;1970.57
74.2;2098.43;1973.56
74.3;2102.08;1976.54
74.4;2105.74;1979.53
74.5;2109.39;1982.52
74.6;2113.05;1985.51
74.7;2116.70;1988.50
74.8;2120.36;1991.49
74.9;2124.01;1994.48
75;2127.67;1997.47
75.1;2131.33;2000.46
75.2;2134.98;2003.44
75.3;2138.64;2006.43
75.4;2142.29;2009.42
75.5;2145.95;2012.41
75.6;2149.60;2015.40
75.7;2153.26;2018.39
75.8;2156.91;2021.38
75.9;2160.57;2024.37
76;2164.23;2027.36
76.1;2167.88;2030.34
76.2;2171.54;2033.33
76.3;2175.19;2036.32
76.4;2178.85;2039.31
76.5;2182.50;2042.30
76.6;2186.16;2045.29
76.7;2189.81;2048.28
76.8;2193.47;2051.27
76.9;2197.13;2054.26
77;2200.78;2057.24
77.1;2204.44;2060.23
77.2;2208.09;2063.22
77.3;2211.75;2066.21
77.4;2215.40;2069.20
77.5;2219.05;2072.18
77.6;2222.70;2075.16
77.7;2226.34;2078.14
77.8;2229.98;2081.11
77.9;2233.62;2084.09
78;2237.26;2087.06
78.1;2240.89;2090.02
78.2;2244.52;2092.98
78.3;2248.14;2095.94
78.4;2251.76;2098.89
78.5;2255.37;2101.83
78.6;2258.98;2104.77
78.7;2262.58;2107.71
78.8;2266.17;2110.63
78.9;2269.76;2113.56
79;2273.34;2116.47
79.1;2276.91;2119.37
79.2;2280.48;2122.27
79.3;2284.03;2125.16
79.4;2287.58;2128.04
79.5;2291.12;2130.91
79.6;2294.65;2133.78
79.7;2298.17;2136.63
79.8;2301.68;2139.48
79.9;2305.19;2142.32
80;2308.68;2145.15
80.1;2312.17;2147.96
80.2;2315.64;2150.77
80.3;2319.10;2153.56
80.4;2322.55;2156.35
80.5;2325.99;2159.12
80.6;2329.42;2161.88
80.7;2332.83;2164.63
80.8;2336.24;2167.37
80.9;2339.63;2170.10
81;2343.02;2172.81
81.1;2346.39;2175.52
81.2;2349.75;2178.21
81.3;2353.10;2180.89
81.4;2356.43;2183.56
81.5;2359.75;2186.21
81.6;2363.06;2188.85
81.7;2366.35;2191.48
81.8;2369.63;2194.09
81.9;2372.89;2196.69
82;2376.14;2199.27
82.1;2379.38;2201.84
82.2;2382.60;2204.39
82.3;2385.81;2206.94
82.4;2389.00;2209.46
82.5;2392.18;2211.98
82.6;2395.35;2214.48
82.7;2398.50;2216.96
82.8;2401.64;2219.44
82.9;2404.76;2221.89
83;2407.88;2224.34
83.1;2410.97;2226.77
83.2;2414.06;2229.19
83.3;2417.13;2231.59
83.4;2420.18;2233.98
83.5;2423.22;2236.35
83.6;2426.25;2238.71
83.7;2429.26;2241.06
83.8;2432.26;2243.39
83.9;2435.25;2245.71
84;2438.22;2248.02
84.1;2441.18;2250.31
84.2;2444.13;2252.59
84.3;2447.06;2254.85
84.4;2449.97;2257.10
84.5;2452.88;2259.34
84.6;2455.76;2261.56
84.7;2458.64;2263.77
84.8;2461.50;2265.96
84.9;2464.35;2268.14
85;2467.18;2270.31
85.1;2470.00;2272.46
85.2;2472.81;2274.60
85.3;2475.60;2276.73
85.4;2478.38;2278.84
85.5;2481.14;2280.94
85.6;2483.89;2283.02
85.7;2486.63;2285.09
85.8;2489.35;2287.14
85.9;2492.06;2289.19
86;2494.75;2291.21
86.1;2497.43;2293.23
86.2;2500.10;2295.23
86.3;2502.75;2297.21
86.4;2505.39;2299.19
86.5;2508.01;2301.14
86.6;2510.63;2303.09
86.7;2513.22;2305.02
86.8;2515.81;2306.94
86.9;2518.38;2308.84
87;2520.93;2310.73
87.1;2523.47;2312.60
87.2;2526.00;2314.46
87.3;2528.51;2316.31
87.4;2531.01;2318.14
87.5;2533.50;2319.96
87.6;2535.97;2321.77
87.7;2538.43;2323.56
87.8;2540.88;2325.34
87.9;2543.31;2327.10
88;2545.72;2328.85
88.1;2548.13;2330.59
88.2;2550.50;2332.30
88.3;2552.85;2333.98
88.4;2555.17;2335.63
88.5;2557.46;2337.26
88.6;2559.72;2338.85
88.7;2561.96;2340.42
88.8;2564.17;2341.96
88.9;2566.35;2343.48
89;2568.50;2344.96
89.1;2570.63;2346.42
89.2;2572.72;2347.85
89.3;2574.79;2349.26
89.4;2576.83;2350.63
89.5;2578.85;2351.98
89.6;2580.83;2353.30
89.7;2582.79;2354.59
89.8;2584.72;2355.85
89.9;2586.63;2357.09
90;2588.50;2358.30
90.1;2590.35;2359.48
90.2;2592.17;2360.63
90.3;2593.96;2361.76
90.4;2595.72;2362.85
90.5;2597.46;2363.92
90.6;2599.17;2364.96
90.7;2600.85;2365.98
90.8;2602.49;2366.96
90.9;2604.10;2367.90
91;2605.67;2368.80
91.1;2607.19;2369.66
91.2;2608.68;2370.48
91.3;2610.15;2371.28
91.4;2611.58;2372.05
91.5;2612.99;2372.79
91.6;2614.40;2373.53
91.7;2615.81;2374.27
91.8;2617.22;2375.01
91.9;2618.63;2375.76
92;2620.03;2376.50
92.1;2621.44;2377.24
92.2;2622.85;2377.98
92.3;2624.26;2378.72
92.4;2625.67;2379.46
92.5;2627.08;2380.21
92.6;2628.48;2380.95
92.7;2629.89;2381.69
92.8;2631.30;2382.43
92.9;2632.71;2383.17
93;2634.12;2383.91
93.1;2635.53;2384.66
93.2;2636.93;2385.40
93.3;2638.34;2386.14
93.4;2639.75;2386.88
93.5;2641.16;2387.62
93.6;2642.57;2388.36
93.7;2643.98;2389.11
93.8;2645.38;2389.85
93.9;2646.79;2390.59
94;2648.19;2391.32
94.1;2649.57;2392.03
94.2;2650.93;2392.73
94.3;2652.29;2393.42
94.4;2653.63;2394.09
94.5;2654.95;2394.75
94.6;2656.26;2395.39
94.7;2657.56;2396.02
94.8;2658.84;2396.64
94.9;2660.11;2397.24
95;2661.37;2397.83
95.1;2662.61;2398.41
95.2;2663.84;2398.97
95.3;2665.05;2399.51
95.4;2666.25;2400.05
95.5;2667.44;2400.57
95.6;2668.61;2401.07
95.7;2669.77;2401.56
95.8;2670.91;2402.04
95.9;2672.04;2402.51
96;2673.16;2402.96
96.1;2674.26;2403.39
96.2;2675.35;2403.81
96.3;2676.43;2404.22
96.4;2677.49;2404.62
96.5;2678.53;2405.00
96.6;2679.57;2405.36
96.7;2680.59;2405.72
96.8;2681.59;2406.06
96.9;2682.58;2406.38
97;2683.56;2406.69
97.1;2684.53;2406.99
97.2;2685.48;2407.27
97.3;2686.41;2407.54
97.4;2687.33;2407.80
97.5;2688.26;2408.05
97.6;2689.18;2408.31
97.7;2690.10;2408.56
97.8;2691.02;2408.82
97.9;2691.94;2409.07
98;2692.87;2409.33
98.1;2693.79;2409.59
98.2;2694.71;2409.84
98.3;2695.63;2410.10
98.4;2696.56;2410.35
98.5;2697.48;2410.61
98.6;2698.40;2410.86
98.7;2699.32;2411.12
98.8;2700.24;2411.37
98.9;2701.17;2411.63
99;2702.09;2411.89
99.1;2703.01;2412.14
99.2;2703.93;2412.40
99.3;2704.86;2412.65
99.4;2705.78;2412.91
99.5;2706.70;2413.16
99.6;2707.62;2413.42
99.7;2708.54;2413.67
99.8;2709.47;2413.93
99.9;2710.39;2414.19
100;2711.31;2414.44
100.1;2712.23;2414.70
100.2;2713.16;2414.95
100.3;2714.08;2415.21
100.4;2715.00;2415.46
100.5;2715.92;2415.72
100.6;2716.84;2415.97
100.7;2717.77;2416.23
100.8;2718.69;2416.49
100.9;2719.61;2416.74
101;2720.53;2417.00
101.1;2721.46;2417.25
101.2;2722.38;2417.51
101.3;2723.30;2417.76
101.4;2724.22;2418.02
101.5;2725.13;2418.26
101.6;2726.03;2418.49
101.7;2726.91;2418.70
101.8;2727.77;2418.90
101.9;2728.63;2419.09
102;2729.46;2419.26
102.1;2730.29;2419.42
102.2;2731.10;2419.56
102.3;2731.90;2419.69
102.4;2732.68;2419.81
102.5;2733.45;2419.91
102.6;2734.21;2420.00
102.7;2734.95;2420.08
102.8;2735.68;2420.14
102.9;2736.39;2420.19
103;2737.09;2420.22
103.1;2737.78;2420.24
103.2;2738.45;2420.24
103.3;2739.11;2420.25
103.4;2739.75;2420.26
103.5;2740.38;2420.26
103.6;2741.00;2420.26
103.7;2741.60;2420.26
103.8;2742.19;2420.26
103.9;2742.76;2420.26
104;2743.33;2420.26
104.1;2743.87;2420.26
104.2;2744.41;2420.26
104.3;2744.93;2420.26
104.4;2745.43;2420.26
104.5;2745.92;2420.26
104.6;2746.40;2420.26
104.7;2746.86;2420.26
104.8;2747.31;2420.26
104.9;2747.75;2420.26
105;2748.17;2420.26
105.1;2748.58;2420.26
105.2;2748.98;2420.26
105.3;2749.36;2420.26
105.4;2749.72;2420.26
105.5;2750.08;2420.26
105.6;2750.41;2420.26
105.7;2750.74;2420.26
105.8;2751.05;2420.26
105.9;2751.35;2420.26
106;2751.63;2420.26
106.1;2751.90;2420.26
106.2;2752.16;2420.26
106.3;2752.40;2420.26
106.4;2752.63;2420.26
106.5;2752.84;2420.26
106.6;2753.04;2420.26
106.7;2753.23;2420.26
106.8;2753.40;2420.26
106.9;2753.56;2420.26
107;2753.70;2420.26
107.1;2753.83;2420.26
107.2;2753.95;2420.26
107.3;2754.05;2420.26
107.4;2754.14;2420.26
107.5;2754.21;2420.26
107.6;2754.28;2420.26
107.7;2754.32;2420.26
107.8;2754.36;2420.26
107.9;2754.38;2420.26
108;2754.38;2420.26
108.1;2754.37;2420.26
108.2;2754.35;2420.26
108.3;2754.33;2420.26
108.4;2754.31;2420.26
108.5;2754.28;2420.26
108.6;2754.26;2420.26
108.7;2754.23;2420.26
108.8;2754.18;2420.26
108.9;2754.13;2420.26
109;2754.06;2420.26
109.1;2753.98;2420.26
109.2;2753.89;2420.26
109.3;2753.79;2420.26
109.4;2753.68;2420.26
109.5;2753.56;2420.26
109.6;2753.43;2420.26
109.7;2753.28;2420.26
109.8;2753.13;2420.26
109.9;2752.96;2420.26
110;2752.78;2420.26
110.1;2752.59;2420.26
110.2;2752.39;2420.26
110.3;2752.18;2420.26
110.4;2751.96;2420.26
110.5;2751.73;2420.26
110.6;2751.48;2420.26
110.7;2751.24;2420.26
110.8;2750.99;2420.26
110.9;2750.75;2420.26
111;2750.51;2420.26
111.1;2750.26;2420.26
111.2;2750.02;2420.26
111.3;2749.77;2420.26
111.4;2749.53;2420.26
111.5;2749.28;2420.26
111.6;2749.04;2420.26
111.7;2748.80;2420.26
111.8;2748.56;2420.27
111.9;2748.33;2420.29
112;2748.12;2420.31
112.1;2747.91;2420.35
112.2;2747.72;2420.40
112.3;2747.53;2420.46
112.4;2747.36;2420.54
112.5;2747.20;2420.62
112.6;2747.05;2420.71
112.7;2746.91;2420.82
112.8;2746.78;2420.94
112.9;2746.67;2421.06
113;2746.56;2421.20
113.1;2746.47;2421.35
113.2;2746.38;2421.51
113.3;2746.31;2421.69
113.4;2746.25;2421.87
113.5;2746.20;2422.06
113.6;2746.16;2422.27
113.7;2746.13;2422.49
113.8;2746.11;2422.71
113.9;2746.09;2422.93
114;2746.07;2423.15
114.1;2746.04;2423.37
114.2;2746.02;2423.60
114.3;2746.00;2423.82
114.4;2745.98;2424.04
114.5;2745.96;2424.26
114.6;2745.93;2424.49
114.7;2745.91;2424.71
114.8;2745.90;2424.94
114.9;2745.89;2425.18
115;2745.90;2425.43
115.1;2745.92;2425.69
115.2;2745.95;2425.97
115.3;2746.00;2426.26
115.4;2746.06;2426.57
115.5;2746.14;2426.89
115.6;2746.23;2427.22
115.7;2746.33;2427.57
115.8;2746.44;2427.93
115.9;2746.58;2428.31
116;2746.72;2428.69
116.1;2746.88;2429.10
116.2;2747.05;2429.51
116.3;2747.24;2429.94
116.4;2747.44;2430.39
116.5;2747.65;2430.85
116.6;2747.88;2431.32
116.7;2748.12;2431.81
116.8;2748.37;2432.30
116.9;2748.63;2432.81
117;2748.90;2433.32
117.1;2749.17;2433.83
117.2;2749.44;2434.35
117.3;2749.71;2434.86
117.4;2749.97;2435.36
117.5;2750.22;2435.86
117.6;2750.46;2436.35
117.7;2750.69;2436.82
117.8;2750.90;2437.28
117.9;2751.10;2437.72
118;2751.29;2438.15
118.1;2751.46;2438.57
118.2;2751.62;2438.97
118.3;2751.76;2439.36
118.4;2751.89;2439.74
118.5;2752.01;2440.10
118.6;2752.11;2440.44
118.7;2752.20;2440.78
118.8;2752.28;2441.11
118.9;2752.34;2441.42
119;2752.39;2441.72
119.1;2752.44;2442.02
119.2;2752.47;2442.31
119.3;2752.49;2442.59
119.4;2752.51;2442.86
119.5;2752.52;2443.13
119.6;2752.53;2443.39
119.7;2752.53;2443.65
119.8;2752.53;2443.90
119.9;2752.53;2444.16
